name,street_name,street_number,email,location,tel
Stark Inc,Clove,66078,tgoodswen0@friendfeed.com,Sumberagung,8123334106
Hickle LLC,Rieder,76392,nrugg1@bizjournals.com,Kara Suu,9978182676
Vandervort LLC,Fairview,667,teadmeads2@cpanel.net,Udi,3602901026
Nicolas-Heathcote,Morrow,5451,estanlick3@adobe.com,Cojata,4248652975
Glover-Sporer,Mendota,5,cspaight4@deliciousdays.com,Tuojiang,9902193465
Hettinger-Gutkowski,Norway Maple,4070,cbonnefin5@parallels.com,Nor Yerznka,4512819577
Beahan Inc,Forest,6585,wtack6@wordpress.org,Belfast,2944635127
Kovacek Inc,Parkside,0203,lvanne7@sitemeter.com,Rudna,9520415408
"Auer, Roberts and Lind",Fordem,6142,skordova8@blogs.com,Catache,6365787408
Schroeder-Kunze,Hoard,51,djiruch9@netvibes.com,Busia,5753650978
